
{
	"format_version": "1.12.0",
	"minecraft:geometry": [
		{
			"description": {
				"identifier": "geometry.hellrokgigatonhammer",
				"texture_width": 65,
				"texture_height": 53,
				"visible_bounds_width": 3,
				"visible_bounds_height": 3.5,
				"visible_bounds_offset": [0, 1.25, 0]
			},
			"bones": [
				{
					"name": "bone",
					"pivot": [0, 0, 0],
					"cubes": [
						{
							"origin": [-1, 5, -1],
							"size": [2, 17, 2],
							"pivot": [0, 13.5, 0],
							"rotation": [0, -45, 0],
							"uv": {
								"north": {"uv": [41.99999, 35.99999], "uv_size": [2.00001, 17.00001]},
								"east": {"uv": [39.99998, 35.99999], "uv_size": [2.00001, 17.00001]},
								"south": {"uv": [46.00001, 35.99999], "uv_size": [1.99997, 17.00001]},
								"west": {"uv": [44, 35.99999], "uv_size": [2.00001, 17.00001]},
								"up": {"uv": [41.99999, 34], "uv_size": [2.00001, 1.99999]},
								"down": {"uv": [44, 35.99999], "uv_size": [2.00001, -1.99999]}
							}
						},
						{
							"origin": [-1.5, 22, -1.5],
							"size": [3, 5, 3],
							"pivot": [0, 24.5, 0],
							"rotation": [0, -45, 0],
							"uv": {
								"north": {"uv": [56.00002, 48.00001], "uv_size": [2.99999, 4.99999]},
								"east": {"uv": [52.99998, 48.00001], "uv_size": [3.00003, 4.99999]},
								"south": {"uv": [62.00001, 48.00001], "uv_size": [2.99999, 4.99999]},
								"west": {"uv": [59.00001, 48.00001], "uv_size": [2.99999, 4.99999]},
								"up": {"uv": [56.00002, 45.00001], "uv_size": [2.99999, 3]},
								"down": {"uv": [59.00001, 48.00001], "uv_size": [2.99999, -3]}
							}
						},
						{
							"origin": [3.5, 26.20711, -5],
							"size": [10, 10, 10],
							"pivot": [8.5, 31.20711, 0],
							"rotation": [-45, 0, 0],
							"uv": {
								"north": {"uv": [10.00001, 29.99999], "uv_size": [10.00001, 10.00001]},
								"east": {"uv": [0, 29.99999], "uv_size": [10.00001, 10.00001]},
								"south": {"uv": [30.00002, 29.99999], "uv_size": [9.99997, 10.00001]},
								"west": {"uv": [20.00001, 29.99999], "uv_size": [10.00001, 10.00001]},
								"up": {"uv": [10.00001, 20.00001], "uv_size": [10.00001, 9.99997]},
								"down": {"uv": [20.00001, 29.99999], "uv_size": [10.00001, -9.99997]}
							}
						},
						{
							"origin": [-3.5, 27, -2.5],
							"size": [7, 8, 5],
							"uv": {
								"north": {"uv": [21, 45.00001], "uv_size": [7.00001, 7.99999]},
								"east": {"uv": [15.99999, 45.00001], "uv_size": [5, 7.99999]},
								"south": {"uv": [33.00001, 45.00001], "uv_size": [6.99997, 7.99999]},
								"west": {"uv": [28.00001, 45.00001], "uv_size": [5, 7.99999]},
								"up": {"uv": [21, 39.99999], "uv_size": [7.00001, 5.00002]},
								"down": {"uv": [28.00001, 45.00001], "uv_size": [6.99997, -5.00002]}
							}
						},
						{
							"origin": [-13.5, 26.20711, -5],
							"size": [10, 10, 10],
							"pivot": [-8.5, 31.20711, 0],
							"rotation": [-45, 0, 0],
							"uv": {
								"north": {"uv": [10.00001, 10.00001], "uv_size": [10.00001, 10.00001]},
								"east": {"uv": [0, 10.00001], "uv_size": [10.00001, 10.00001]},
								"south": {"uv": [30.00002, 10.00001], "uv_size": [9.99997, 10.00001]},
								"west": {"uv": [20.00001, 10.00001], "uv_size": [10.00001, 10.00001]},
								"up": {"uv": [10.00001, 0], "uv_size": [10.00001, 10.00001]},
								"down": {"uv": [20.00001, 10.00001], "uv_size": [10.00001, -10.00001]}
							}
						},
						{
							"origin": [-1.5, 0, -1.5],
							"size": [3, 5, 3],
							"pivot": [0, 2.5, 0],
							"rotation": [0, -45, 0],
							"uv": {
								"north": {"uv": [56.00002, 48.00001], "uv_size": [2.99999, 4.99999]},
								"east": {"uv": [52.99998, 48.00001], "uv_size": [3.00003, 4.99999]},
								"south": {"uv": [62.00001, 48.00001], "uv_size": [2.99999, 4.99999]},
								"west": {"uv": [59.00001, 48.00001], "uv_size": [2.99999, 4.99999]},
								"up": {"uv": [56.00002, 45.00001], "uv_size": [2.99999, 3]},
								"down": {"uv": [59.00001, 48.00001], "uv_size": [2.99999, -3]}
							}
						}
					]
				}
			]
		}
	]
}